,Comment,Train RMSE,Cross-val RMSE,Train+CV RMSE,Test RMSE
0,Just Median,150.3708950939778,144.13247954501412,148.94251760556563,175.20974
1,CommonTrend,150.2227103133941,143.98391833244605,,
2,Trend,47.02981751533428,30.359811208078735,42.94336219220155,
3,+ Seasonality,18.351094470101653,20.922529093791987,17.626481285934027,29.32305
4,+ Cycles,16.251518142859762,16.723784331755176,21.47762006382526,30.36209
