,Comment,Train Score,Cross-val Score,Test RMSE
0,Just median,148.80603840117578,,169.19374
1,LightGBM on unprocessed data,72.13073035508445,227.10065234030228,
2,Only important features,72.12256023979076,227.04552806075094,
3,Location_enc,55.644217011958666,144.22281389432072,75.18105
4,+ WeekCount,55.43150685282167,144.22602337998714,
5,3 + CommonTrend,55.43150685282167,144.2282300459023,
6,3 + Trend,55.25762201941057,143.7339022601356,
7,+ Seasonality,53.43064446936813,141.60294416135181,83.2543
